Harga,Nama,image,image2,image3,image4
269000,Debora Setelan Celana Jeans Wanita,https://down-id.img.susercontent.com/file/id-11134207-81ztn-mfksxk708g7g85@resize_w640_nl,https://down-id.img.susercontent.com/file/id-11134258-822wl-mlx99kiyj4lg66,https://down-id.img.susercontent.com/file/id-11134258-7r98r-lyalscj1g30l0b,https://down-id.img.susercontent.com/file/id-11134258-7r98o-ly1pxywrszyh0b_tn.webp
210000,Medina Setelan Celana Wanita Sabrina Adem Flowy,https://down-id.img.susercontent.com/file/id-11134207-8224v-mi3ztratsq2o4a@resize_w640_nl,https://down-id.img.susercontent.com/file/id-11134258-822wl-mlx99kiyj4lg66,https://down-id.img.susercontent.com/file/id-11134258-7r98r-lyalscj1g30l0b,https://down-id.img.susercontent.com/file/id-11134258-7r98o-ly1pxywrszyh0b_tn.webp
250000,Aleta Setelan Rok Wanita / Setelan Rok Polkadot,https://down-id.img.susercontent.com/file/id-11134207-822ws-mo0x4y1m0k5c2e@resize_w640_nl,https://down-id.img.susercontent.com/file/id-11134258-822wl-mlx99kiyj4lg66,https://down-id.img.susercontent.com/file/id-11134258-7r98r-lyalscj1g30l0b,https://down-id.img.susercontent.com/file/id-11134258-7r98o-ly1pxywrszyh0b_tn.webp
155000,Aleta Blouse / Atasan Wanita,https://down-id.img.susercontent.com/file/id-11134207-822wl-mo0wgf3hwxs461@resize_w640_nl,https://down-id.img.susercontent.com/file/id-11134258-822wl-mlx99kiyj4lg66,https://down-id.img.susercontent.com/file/id-11134258-7r98r-lyalscj1g30l0b,https://down-id.img.susercontent.com/file/id-11134258-7r98o-ly1pxywrszyh0b_tn.webp
265000,Lily Setelan Celana Jeans Wanita Kekinian,https://down-id.img.susercontent.com/file/id-11134207-8224y-mhr9049yzymba1@resize_w640_nl,https://down-id.img.susercontent.com/file/id-11134258-822wl-mlx99kiyj4lg66,https://down-id.img.susercontent.com/file/id-11134258-7r98r-lyalscj1g30l0b,https://down-id.img.susercontent.com/file/id-11134258-7r98o-ly1pxywrszyh0b_tn.webp
279000,Kinara Setelan Rok Jeans Wanita,https://down-id.img.susercontent.com/file/id-11134207-8224z-mhq23nl36a6e75@resize_w640_nl,https://down-id.img.susercontent.com/file/id-11134258-822wl-mlx99kiyj4lg66,https://down-id.img.susercontent.com/file/id-11134258-7r98r-lyalscj1g30l0b,https://down-id.img.susercontent.com/file/id-11134258-7r98o-ly1pxywrszyh0b_tn.webp
250000,Hazel Setelan Celana Wanita,https://down-id.img.susercontent.com/file/id-11134207-822wq-mneb5fq2kxdw03@resize_w640_nl,https://down-id.img.susercontent.com/file/id-11134258-822wl-mlx99kiyj4lg66,https://down-id.img.susercontent.com/file/id-11134258-7r98r-lyalscj1g30l0b,https://down-id.img.susercontent.com/file/id-11134258-7r98o-ly1pxywrszyh0b_tn.webp
269000,Kala Setelan Celana Jeans Bordir Wanita,https://down-id.img.susercontent.com/file/id-11134207-81ztn-mfksz6ym0d1r16@resize_w640_nl,https://down-id.img.susercontent.com/file/id-11134258-822wl-mlx99kiyj4lg66,https://down-id.img.susercontent.com/file/id-11134258-7r98r-lyalscj1g30l0b,https://down-id.img.susercontent.com/file/id-11134258-7r98o-ly1pxywrszyh0b_tn.webp
265000,Lyora Setelan Celana Jeans Salur Wanita,https://down-id.img.susercontent.com/file/id-11134207-822wp-mn751pikxtl2d8@resize_w640_nl,https://down-id.img.susercontent.com/file/id-11134258-822wl-mlx99kiyj4lg66,https://down-id.img.susercontent.com/file/id-11134258-7r98r-lyalscj1g30l0b,https://down-id.img.susercontent.com/file/id-11134258-7r98o-ly1pxywrszyh0b_tn.webp
265000,Jemma Setrok Jeans Wanita,https://down-id.img.susercontent.com/file/id-11134207-8224y-mkdfmioz1dzbd3@resize_w640_nl,https://down-id.img.susercontent.com/file/id-11134258-822wl-mlx99kiyj4lg66,https://down-id.img.susercontent.com/file/id-11134258-7r98r-lyalscj1g30l0b,https://down-id.img.susercontent.com/file/id-11134258-7r98o-ly1pxywrszyh0b_tn.webp
260000,Mahira Setelan Celana Jeans Wanita,https://down-id.img.susercontent.com/file/id-11134207-81ztk-mfksw5mlpts8b8@resize_w640_nl,https://down-id.img.susercontent.com/file/id-11134258-822wl-mlx99kiyj4lg66,https://down-id.img.susercontent.com/file/id-11134258-7r98r-lyalscj1g30l0b,https://down-id.img.susercontent.com/file/id-11134258-7r98o-ly1pxywrszyh0b_tn.webp
269000,Laluna Setelan Celana Jeans Wanita Anemi,https://down-id.img.susercontent.com/file/id-11134207-822ws-mn2gut59xibm23@resize_w640_nl,https://down-id.img.susercontent.com/file/id-11134258-822wl-mlx99kiyj4lg66,https://down-id.img.susercontent.com/file/id-11134258-7r98r-lyalscj1g30l0b,https://down-id.img.susercontent.com/file/id-11134258-7r98o-ly1pxywrszyh0b_tn.webp
289000,Jasmine Setelan Celana Wanita Bordir,https://down-id.img.susercontent.com/file/id-11134207-822wq-mlhmupzuq8lcfb@resize_w640_nl,https://down-id.img.susercontent.com/file/id-11134258-822wl-mlx99kiyj4lg66,https://down-id.img.susercontent.com/file/id-11134258-7r98r-lyalscj1g30l0b,https://down-id.img.susercontent.com/file/id-11134258-7r98o-ly1pxywrszyh0b_tn.webp
399000,Balqis Dress Gamis Wanita Vintage Gypsy 3 Ukuran,https://down-id.img.susercontent.com/file/id-11134207-8224x-mk89p0whetxe72@resize_w640_nl,https://down-id.img.susercontent.com/file/id-11134258-822wl-mlx99kiyj4lg66,https://down-id.img.susercontent.com/file/id-11134258-7r98r-lyalscj1g30l0b,https://down-id.img.susercontent.com/file/id-11134258-7r98o-ly1pxywrszyh0b_tn.webp
229000,Diandra Tunik Wanita Osmanthus Lembut 2 Ukuran,https://down-id.img.susercontent.com/file/id-11134207-8224x-mkp9l0fmmy2qa4@resize_w640_nl,https://down-id.img.susercontent.com/file/id-11134258-822wl-mlx99kiyj4lg66,https://down-id.img.susercontent.com/file/id-11134258-7r98r-lyalscj1g30l0b,https://down-id.img.susercontent.com/file/id-11134258-7r98o-ly1pxywrszyh0b_tn.webp
165000,Abelia Rok / Rok Panjang Wanita / Skirt wanita,https://down-id.img.susercontent.com/file/id-11134207-822wi-mo0wrhd3qnet85@resize_w640_nl,https://down-id.img.susercontent.com/file/id-11134258-822wl-mlx99kiyj4lg66,https://down-id.img.susercontent.com/file/id-11134258-7r98r-lyalscj1g30l0b,https://down-id.img.susercontent.com/file/id-11134258-7r98o-ly1pxywrszyh0b_tn.webp
249000,Bahira Setelan Rok Wanita,https://down-id.img.susercontent.com/file/id-11134207-8224s-mkz6fx40apkx0e@resize_w640_nl,https://down-id.img.susercontent.com/file/id-11134258-822wl-mlx99kiyj4lg66,https://down-id.img.susercontent.com/file/id-11134258-7r98r-lyalscj1g30l0b,https://down-id.img.susercontent.com/file/id-11134258-7r98o-ly1pxywrszyh0b_tn.webp
189000,Aghnia Outer Wanita Adem Flowy Gamis Wanita,https://down-id.img.susercontent.com/file/id-11134207-8224z-mj3qw03i5bluf2@resize_w640_nl,https://down-id.img.susercontent.com/file/id-11134258-822wl-mlx99kiyj4lg66,https://down-id.img.susercontent.com/file/id-11134258-7r98r-lyalscj1g30l0b,https://down-id.img.susercontent.com/file/id-11134258-7r98o-ly1pxywrszyh0b_tn.webp
79000,Hijab Paris Japan Premium / Hijab Segiempat,https://down-id.img.susercontent.com/file/id-11134207-7r991-lv02s134q0508d@resize_w640_nl,https://down-id.img.susercontent.com/file/id-11134258-822wl-mlx99kiyj4lg66,https://down-id.img.susercontent.com/file/id-11134258-7r98r-lyalscj1g30l0b,https://down-id.img.susercontent.com/file/id-11134258-7r98o-ly1pxywrszyh0b_tn.webp
279000,Nova Setcel Tunik Jeans Wanita LD 120cm PB 102cm,https://down-id.img.susercontent.com/file/id-11134207-8224p-mggb6qexwkcvd7@resize_w640_nl,https://down-id.img.susercontent.com/file/id-11134258-822wl-mlx99kiyj4lg66,https://down-id.img.susercontent.com/file/id-11134258-7r98r-lyalscj1g30l0b,https://down-id.img.susercontent.com/file/id-11134258-7r98o-ly1pxywrszyh0b_tn.webp
169000,Kemeja Wanita Jeans Bordir LD 120-126cm PB 70-78cm,https://down-id.img.susercontent.com/file/id-11134207-7ra0p-mc6fghsg1bq9e7@resize_w640_nl,https://down-id.img.susercontent.com/file/id-11134258-822wl-mlx99kiyj4lg66,https://down-id.img.susercontent.com/file/id-11134258-7r98r-lyalscj1g30l0b,https://down-id.img.susercontent.com/file/id-11134258-7r98o-ly1pxywrszyh0b_tn.webp
225000,Gamis Jeans Wanita Bordir,https://down-id.img.susercontent.com/file/id-11134207-7ra0h-mcri7vr8l253b5@resize_w640_nl,https://down-id.img.susercontent.com/file/id-11134258-822wl-mlx99kiyj4lg66,https://down-id.img.susercontent.com/file/id-11134258-7r98r-lyalscj1g30l0b,https://down-id.img.susercontent.com/file/id-11134258-7r98o-ly1pxywrszyh0b_tn.webp
245000,Midi Dress Vest Jeans Wanita / Midi Dress Vest  Jeans Wanita,https://down-id.img.susercontent.com/file/id-11134207-7ra0q-mcj6vm6zxsfw82@resize_w640_nl,https://down-id.img.susercontent.com/file/id-11134258-822wl-mlx99kiyj4lg66,https://down-id.img.susercontent.com/file/id-11134258-7r98r-lyalscj1g30l0b,https://down-id.img.susercontent.com/file/id-11134258-7r98o-ly1pxywrszyh0b_tn.webp
209000,Serra scarf by Anemi / Hijab segiempat,https://down-id.img.susercontent.com/file/id-11134207-7r98u-lwgs7xfgltdp14@resize_w640_nl,https://down-id.img.susercontent.com/file/id-11134258-822wl-mlx99kiyj4lg66,https://down-id.img.susercontent.com/file/id-11134258-7r98r-lyalscj1g30l0b,https://down-id.img.susercontent.com/file/id-11134258-7r98o-ly1pxywrszyh0b_tn.webp
209000,Flowny scarf / Hijab segiempat,https://down-id.img.susercontent.com/file/id-11134207-7r98r-lwgs7xfg7rp9dc@resize_w640_nl,https://down-id.img.susercontent.com/file/id-11134258-822wl-mlx99kiyj4lg66,https://down-id.img.susercontent.com/file/id-11134258-7r98r-lyalscj1g30l0b,https://down-id.img.susercontent.com/file/id-11134258-7r98o-ly1pxywrszyh0b_tn.webp
